3;hitChecker_dupe
566;__Packages.com.digitaloutlook.gameElements.SoundFXmanager
567;__Packages.com.digitaloutlook.gameElements.SoundFX
568;__Packages.mx.utils.Delegate
569;__Packages.com.digitaloutlook.functions.MyMath
570;__Packages.com.digitaloutlook.Launchball
198;Launch ball
536;greedy_gulp
537;song_end
538;song
539;song_start_beat
540;flipper_up
541;flipper_down
542;tickling_ball
543;tickle_arms_animation
544;happy_stars_anim
545;greedy_burp_ball_reappears
546;funny_target_hit
547;Bump - Body Hit 07
548;Bump - Body Hit 06
549;Bump - Body Hit 04
550;sunshine_harp
551;Naughty target_hit
552;chatter_target_hit
553;chatter_bonus_activated
554;ball_hit1
555;launch_ball
556;triangle_bumper_bounce2
557;trap_ball_pop_out
558;ball_stuck_in_trap
559;trap_disappear
560;target_lightup
561;spacey_bounce
562;mushroom_bounce
563;launch_tube_bell
564;balll_goes_out_of_play
